_id,promedios_entregas
4135018,7074705.027
4135023,7196873.705250001
4135020,7353316.692
4135017,7023128.924
4135021,7070252.45075
4135022,6848201.16525
4135019,6585976.49575
4135016,6663892.259