_id,promedios_entregas
4135004,7023035.09825
4135005,7074612.4865
4135006,6585880.183
4135007,7353215.767750001
4135008,7217090.991
4135002,7257212.9775
4135003,6663799.15175
4135001,6870443.29025